USE hotel_management;

-- BO PHAN
DELETE BO_PHAN;
INSERT INTO hotel_management.dbo.BO_PHAN (ID_BP, TEN_BP) VALUES (N'FRONT_OFFICE', N'Lễ tân');
INSERT INTO hotel_management.dbo.BO_PHAN (ID_BP, TEN_BP) VALUES (N'MANAGEMENT', N'Điều hành');

-- QUAN LY
DELETE QUAN_LY;
INSERT INTO hotel_management.dbo.QUAN_LY (ID_BP, NGAY_BD_QL, ID_NV) VALUES (N'MANAGEMENT', N'2023-10-04', N'EMPL00001');

-- NHOM QUYEN
DELETE NHOM_QUYEN;
INSERT INTO hotel_management.dbo.NHOM_QUYEN (ID_NQ, TEN_NQ) VALUES (N'CUSTOMER_IMPORT', N'Nhập khách hàng');
INSERT INTO hotel_management.dbo.NHOM_QUYEN (ID_NQ, TEN_NQ) VALUES (N'INVOICE_MANAGEMENT', N'Quản trị hóa đơn');
INSERT INTO hotel_management.dbo.NHOM_QUYEN (ID_NQ, TEN_NQ) VALUES (N'RENTAL_MANAGEMENT', N'Quản trị thuê phòng');
INSERT INTO hotel_management.dbo.NHOM_QUYEN (ID_NQ, TEN_NQ) VALUES (N'RESERVATION_MANAGE', N'Quản trị đặt phòng');
INSERT INTO hotel_management.dbo.NHOM_QUYEN (ID_NQ, TEN_NQ) VALUES (N'SERVICE_MANAGEMENT', N'Quản trị dịch vụ');
INSERT INTO hotel_management.dbo.NHOM_QUYEN (ID_NQ, TEN_NQ) VALUES (N'SYSTEM_MANAGEMENT', N'Quản trị hệ thống');
INSERT INTO hotel_management.dbo.NHOM_QUYEN (ID_NQ, TEN_NQ) VALUES (N'VIEW_AVAILABILITY', N'Xem trạng thái phòng');
INSERT INTO hotel_management.dbo.NHOM_QUYEN (ID_NQ, TEN_NQ) VALUES (N'VIEW_REPORT', N'Xem báo cáo');
INSERT INTO hotel_management.dbo.NHOM_QUYEN (ID_NQ, TEN_NQ) VALUES (N'PROMOTION_MANAGEMENT', N'Quản trị khuyến mãi');

-- PHAN QUYEN
DELETE PHAN_QUYEN;
INSERT INTO hotel_management.dbo.PHAN_QUYEN (ID_NQ, ID_BP) VALUES (N'CUSTOMER_IMPORT', N'FRONT_OFFICE');
INSERT INTO hotel_management.dbo.PHAN_QUYEN (ID_NQ, ID_BP) VALUES (N'INVOICE_MANAGEMENT', N'FRONT_OFFICE');
INSERT INTO hotel_management.dbo.PHAN_QUYEN (ID_NQ, ID_BP) VALUES (N'RENTAL_MANAGEMENT', N'FRONT_OFFICE');
INSERT INTO hotel_management.dbo.PHAN_QUYEN (ID_NQ, ID_BP) VALUES (N'RESERVATION_MANAGE', N'FRONT_OFFICE');
INSERT INTO hotel_management.dbo.PHAN_QUYEN (ID_NQ, ID_BP) VALUES (N'SERVICE_MANAGEMENT', N'MANAGEMENT');
INSERT INTO hotel_management.dbo.PHAN_QUYEN (ID_NQ, ID_BP) VALUES (N'SYSTEM_MANAGEMENT', N'MANAGEMENT');
INSERT INTO hotel_management.dbo.PHAN_QUYEN (ID_NQ, ID_BP) VALUES (N'VIEW_AVAILABILITY', N'FRONT_OFFICE');
INSERT INTO hotel_management.dbo.PHAN_QUYEN (ID_NQ, ID_BP) VALUES (N'VIEW_REPORT', N'MANAGEMENT');
INSERT INTO hotel_management.dbo.PHAN_QUYEN (ID_NQ, ID_BP) VALUES (N'PROMOTION_MANAGEMENT', N'MANAGEMENT');
